Time,Raw_dBFS,S21_dB,S21_Gaussian,S21_SavGol,Baseline,Diff_dB,Detect_Flag,Minima_Flag,OBJ,Height
0.538587,-77.4331,-79.2331,-79.1885,-79.1698,0,79.1698,0,0,MINE_TEST,1.25
0.567051,-77.3865,-79.1865,-79.1871,-79.1643,0,79.1643,0,0,MINE_TEST,1.25
0.596317,-77.3213,-79.1213,-79.1827,-79.1556,0,79.1556,0,0,MINE_TEST,1.25
0.625916,-77.3762,-79.1762,-79.1735,-79.1448,0,79.1448,0,0,MINE_TEST,1.25
0.651115,-77.55,-79.35,-79.1545,-79.1333,0,79.1333,0,0,MINE_TEST,1.25
0.676303,-77.2571,-79.0571,-79.1252,-79.1217,0,79.1217,0,0,MINE_TEST,1.25
0.705599,-77.1913,-78.9913,-79.0917,-79.1101,0,79.1101,0,0,MINE_TEST,1.25
0.73381,-77.3684,-79.1684,-79.0628,-79.0993,0,79.0993,0,0,MINE_TEST,1.25
0.759351,-77.1741,-78.9741,-79.0458,-79.0907,0,79.0907,0,0,MINE_TEST,1.25
0.785149,-77.0472,-78.8472,-79.044,-79.085,0,79.085,0,0,MINE_TEST,1.25
0.813287,-77.5109,-79.3109,-79.0567,-79.0824,0,79.0824,0,0,MINE_TEST,1.25
0.842125,-77.0429,-78.8429,-79.0789,-79.0824,0,79.0824,0,0,MINE_TEST,1.25
0.867979,-77.3502,-79.1502,-79.1026,-79.0851,0,79.0851,0,0,MINE_TEST,1.25
0.892823,-77.4673,-79.2673,-79.1191,-79.0903,0,79.0903,0,0,MINE_TEST,1.25
0.918292,-77.3707,-79.1707,-79.1248,-79.0976,0,79.0976,0,0,MINE_TEST,1.25
0.948058,-77.1885,-78.9885,-79.1243,-79.106,0,79.106,0,0,MINE_TEST,1.25
0.97613,-77.296,-79.096,-79.1244,-79.1146,0,79.1146,0,0,MINE_TEST,1.25
1.00175,-77.3968,-79.1968,-79.1264,-79.1229,0,79.1229,0,0,MINE_TEST,1.25
1.0288,-77.4279,-79.2279,-79.1276,-79.1307,0,79.1307,0,0,MINE_TEST,1.25
1.05767,-77.1611,-78.9611,-79.128,-79.138,0,79.138,0,0,MINE_TEST,1.25
1.08784,-77.3645,-79.1645,-79.13,-79.145,0,79.145,0,0,MINE_TEST,1.25
1.11672,-77.3697,-79.1697,-79.1346,-79.1517,0,79.1517,0,0,MINE_TEST,1.25
1.145,-77.3452,-79.1452,-79.1412,-79.1581,0,79.1581,0,0,MINE_TEST,1.25
1.17495,-77.3304,-79.1304,-79.1509,-79.1642,0,79.1642,0,0,MINE_TEST,1.25
1.20053,-77.2816,-79.0816,-79.1659,-79.1698,0,79.1698,0,0,MINE_TEST,1.25
1.22616,-77.4361,-79.2361,-79.1849,-79.1743,0,79.1743,0,0,MINE_TEST,1.25
1.2541,-77.4026,-79.2026,-79.2018,-79.1771,0,79.1771,0,0,MINE_TEST,1.25
1.28229,-77.5426,-79.3426,-79.2101,-79.1781,0,79.1781,0,0,MINE_TEST,1.25
1.3104,-77.2587,-79.0587,-79.2069,-79.1776,0,79.1776,0,0,MINE_TEST,1.25
1.33605,-77.5636,-79.3636,-79.1939,-79.1763,-79.1333,0.0429935,0,0,MINE_TEST,1.25
1.36155,-77.3357,-79.1357,-79.1764,-79.1752,-79.138,0.0371655,0,0,MINE_TEST,1.25
1.39021,-77.2982,-79.0982,-79.1614,-79.1748,-79.138,0.0368093,0,0,MINE_TEST,1.25
1.41947,-77.2614,-79.0614,-79.1542,-79.1756,-79.1448,0.0308058,0,0,MINE_TEST,1.25
1.45256,-77.5103,-79.3103,-79.1541,-79.1779,-79.1448,0.0330303,0,0,MINE_TEST,1.25
1.47827,-77.2292,-79.0292,-79.1578,-79.182,-79.145,0.0369519,0,0,MINE_TEST,1.25
1.50884,-77.4773,-79.2773,-79.1648,-79.1885,-79.145,0.0435394,0,0,MINE_TEST,1.25
1.53809,-77.2229,-79.0229,-79.178,-79.198,-79.1517,0.0463664,0,0,MINE_TEST,1.25
1.56731,-77.4776,-79.2776,-79.1995,-79.2101,-79.1517,0.0583899,0,0,MINE_TEST,1.25
1.59735,-77.2805,-79.0805,-79.2262,-79.2233,-79.1556,0.0677468,0,0,MINE_TEST,1.25
1.62584,-77.6622,-79.4622,-79.2504,-79.2361,-79.1556,0.0805459,0,0,MINE_TEST,1.25
1.65087,-77.4593,-79.2593,-79.2668,-79.2468,-79.1581,0.0887903,0,0,MINE_TEST,1.25
1.67922,-77.3784,-79.1784,-79.2756,-79.2542,-79.1581,0.0961916,0,0,MINE_TEST,1.25
1.70714,-77.5329,-79.3329,-79.28,-79.2575,-79.1642,0.0933694,0,0,MINE_TEST,1.25
1.7331,-77.5234,-79.3234,-79.28,-79.2565,-79.1642,0.0923529,0,0,MINE_TEST,1.25
1.75932,-77.4336,-79.2336,-79.2732,-79.2517,-79.1643,0.0874079,0,0,MINE_TEST,1.25
1.78651,-77.5781,-79.3781,-79.2578,-79.2444,-79.1643,0.0800885,0,0,MINE_TEST,1.25
1.81541,-77.3157,-79.1157,-79.2361,-79.2361,-79.1698,0.0663421,0,0,MINE_TEST,1.25
1.84496,-77.5613,-79.3613,-79.2133,-79.228,-79.1698,0.0582758,0,0,MINE_TEST,1.25
1.8731,-77.194,-78.994,-79.1952,-79.2206,-79.1698,0.0508299,0,0,MINE_TEST,1.25
1.899,-77.4299,-79.2299,-79.1841,-79.2135,-79.1698,0.0437544,0,0,MINE_TEST,1.25
1.92458,-77.4385,-79.2385,-79.1784,-79.2064,-79.1743,0.0320949,0,0,MINE_TEST,1.25
1.95307,-77.3607,-79.1607,-79.1771,-79.1991,-79.1743,0.0247938,0,0,MINE_TEST,1.25
1.9809,-77.2757,-79.0757,-79.1826,-79.1923,-79.1748,0.0174403,0,0,MINE_TEST,1.25
2.00896,-77.4467,-79.2467,-79.1969,-79.1872,-79.1748,0.0123567,0,0,MINE_TEST,1.25
2.0349,-77.3134,-79.1134,-79.2149,-79.1848,-79.1752,0.00961035,0,0,MINE_TEST,1.25
2.05994,-77.5715,-79.3715,-79.2245,-79.1851,-79.1752,0.00988529,0,0,MINE_TEST,1.25
2.08755,-77.5229,-79.3229,-79.2159,-79.1868,-79.1756,0.0111999,0,0,MINE_TEST,1.25
2.11353,-77.4681,-79.2681,-79.1915,-79.1884,-79.1756,0.0127906,0,0,MINE_TEST,1.25
2.1383,-77.058,-78.858,-79.1657,-79.1885,-79.1763,0.0121655,0,0,MINE_TEST,1.25
2.16583,-77.4693,-79.2693,-79.1527,-79.1865,-79.1763,0.0101944,0,0,MINE_TEST,1.25
2.19455,-77.3224,-79.1224,-79.1562,-79.1827,-79.1771,0.00564614,0,0,MINE_TEST,1.25
2.22369,-77.3103,-79.1103,-79.1705,-79.1777,-79.1771,0.000555078,0,0,MINE_TEST,1.25
2.25031,-77.4089,-79.2089,-79.1855,-79.1719,-79.1771,0.00523302,0,0,MINE_TEST,1.25
2.27515,-77.5165,-79.3165,-79.1919,-79.1662,-79.1763,0.010145,0,0,MINE_TEST,1.25
2.3039,-77.3739,-79.1739,-79.1853,-79.1617,-79.1763,0.0146682,0,0,MINE_TEST,1.25
2.33329,-77.408,-79.208,-79.1696,-79.1591,-79.1756,0.0165725,0,0,MINE_TEST,1.25
2.36237,-77.2044,-79.0044,-79.1534,-79.1584,-79.1756,0.0172761,0,0,MINE_TEST,1.25
2.38749,-77.4627,-79.2627,-79.1434,-79.1587,-79.1752,0.0164918,0,0,MINE_TEST,1.25
2.41634,-77.2449,-79.0449,-79.1419,-79.1589,-79.1752,0.016258,0,0,MINE_TEST,1.25
2.44449,-77.3031,-79.1031,-79.1464,-79.1583,-79.1748,0.0165426,0,0,MINE_TEST,1.25
2.47612,-77.4929,-79.2929,-79.1527,-79.1567,-79.1748,0.0181709,0,0,MINE_TEST,1.25
2.50191,-77.267,-79.067,-79.1574,-79.1546,-79.1743,0.0196665,0,0,MINE_TEST,1.25
2.53348,-77.3597,-79.1597,-79.1589,-79.1531,-79.1743,0.0211775,0,0,MINE_TEST,1.25
2.56304,-77.4621,-79.2621,-79.1582,-79.1529,-79.1719,0.0189288,0,0,MINE_TEST,1.25
2.59333,-77.2257,-79.0257,-79.1575,-79.1542,-79.1719,0.0177048,0,0,MINE_TEST,1.25
2.62298,-77.4602,-79.2602,-79.1595,-79.1562,-79.1698,0.013608,0,0,MINE_TEST,1.25
2.64872,-77.2199,-79.0199,-79.1641,-79.1583,-79.1698,0.0114785,0,0,MINE_TEST,1.25
2.67434,-77.4436,-79.2436,-79.1669,-79.1601,-79.1698,0.00966186,0,0,MINE_TEST,1.25
2.70308,-77.5466,-79.3466,-79.1639,-79.1613,-79.1698,0.0084214,0,0,MINE_TEST,1.25
2.73346,-77.1882,-78.9882,-79.1572,-79.1621,-79.1662,0.00406219,0,0,MINE_TEST,1.25
2.7619,-77.2666,-79.0666,-79.1537,-79.1631,-79.1662,0.00312291,0,0,MINE_TEST,1.25
2.79126,-77.491,-79.291,-79.1567,-79.165,-79.165,0,0,0,MINE_TEST,1.25
2.81656,-77.2499,-79.0499,-79.1636,-79.1684,-79.1662,0.00223274,0,0,MINE_TEST,1.25
2.84186,-77.5418,-79.3418,-79.171,-79.173,-79.1662,0.00678093,0,0,MINE_TEST,1.25
2.87154,-77.1861,-78.9861,-79.1779,-79.1777,-79.1684,0.00931213,0,0,MINE_TEST,1.25
2.90157,-77.4204,-79.2204,-79.1837,-79.1817,-79.1684,0.013291,0,0,MINE_TEST,1.25
2.93157,-77.5617,-79.3617,-79.1865,-79.1845,-79.1698,0.0146878,0,0,MINE_TEST,1.25
2.95735,-77.2625,-79.0625,-79.1876,-79.1864,-79.1698,0.0166636,0,0,MINE_TEST,1.25
2.98384,-77.3684,-79.1684,-79.1916,-79.1888,-79.1698,0.0189875,0,0,MINE_TEST,1.25
3.01221,-77.3146,-79.1146,-79.2009,-79.1924,-79.1698,0.0226591,0,0,MINE_TEST,1.25
3.04244,-77.5549,-79.3549,-79.2102,-79.1976,-79.1719,0.0257458,0,0,MINE_TEST,1.25
3.07333,-77.464,-79.264,-79.2119,-79.2036,-79.1719,0.0317435,0,0,MINE_TEST,1.25
3.10303,-77.3234,-79.1234,-79.2045,-79.2093,-79.173,0.0363632,0,0,MINE_TEST,1.25
3.13078,-77.4514,-79.2514,-79.1932,-79.2136,-79.173,0.0406659,0,0,MINE_TEST,1.25
3.15662,-77.3207,-79.1207,-79.1867,-79.2156,-79.1743,0.0413677,0,0,MINE_TEST,1.25
3.1868,-77.3886,-79.1886,-79.1922,-79.2151,-79.1743,0.0408394,0,0,MINE_TEST,1.25
3.21668,-77.3085,-79.1085,-79.2111,-79.2124,-79.1748,0.0375523,0,0,MINE_TEST,1.25
3.24609,-77.408,-79.208,-79.2355,-79.2082,-79.1748,0.0333356,0,0,MINE_TEST,1.25
3.27151,-77.6543,-79.4543,-79.2505,-79.2036,-79.1752,0.0283827,0,0,MINE_TEST,1.25
3.29714,-77.5267,-79.3267,-79.2448,-79.2,-79.1752,0.0248025,0,0,MINE_TEST,1.25
3.32696,-77.3786,-79.1786,-79.2202,-79.1984,-79.1756,0.0227696,0,0,MINE_TEST,1.25
3.35733,-77.2862,-79.0862,-79.1895,-79.1988,-79.1763,0.0224844,0,0,MINE_TEST,1.25
3.38557,-77.434,-79.234,-79.166,-79.2005,-79.1771,0.0234251,0,0,MINE_TEST,1.25
3.41148,-77.3037,-79.1037,-79.1566,-79.2027,-79.1776,0.0251707,0,0,MINE_TEST,1.25
3.43677,-77.1965,-78.9965,-79.1622,-79.2048,-79.1777,0.0271484,0,0,MINE_TEST,1.25
3.46642,-77.5639,-79.3639,-79.1798,-79.2061,-79.1777,0.028353,0,0,MINE_TEST,1.25
3.49545,-77.34,-79.14,-79.2045,-79.2067,-79.1779,0.0287856,0,0,MINE_TEST,1.25
3.5255,-77.2704,-79.0704,-79.2293,-79.2076,-79.1781,0.0295187,0,0,MINE_TEST,1.25
3.55437,-77.6654,-79.4654,-79.2458,-79.2106,-79.1817,0.028832,0,0,MINE_TEST,1.25
3.5803,-77.6343,-79.4343,-79.2495,-79.2166,-79.182,0.0346344,0,0,MINE_TEST,1.25
3.60491,-77.1591,-78.9591,-79.2455,-79.2253,-79.1827,0.0425983,0,0,MINE_TEST,1.25
3.63031,-77.4117,-79.2117,-79.2424,-79.2354,-79.1845,0.0509158,0,0,MINE_TEST,1.25
3.65936,-77.5967,-79.3967,-79.2414,-79.245,-79.1848,0.0602327,0,0,MINE_TEST,1.25
3.68723,-77.4534,-79.2534,-79.2379,-79.2532,-79.1851,0.0681032,0,0,MINE_TEST,1.25
3.71549,-77.4275,-79.2275,-79.2322,-79.2594,-79.1864,0.0729777,0,0,MINE_TEST,1.25
3.74118,-77.2959,-79.0959,-79.232,-79.2639,-79.1865,0.0773916,0,0,MINE_TEST,1.25
3.76594,-77.4374,-79.2374,-79.2439,-79.2672,-79.1868,0.0803323,0,0,MINE_TEST,1.25
3.79539,-77.4956,-79.2956,-79.2654,-79.2697,-79.1872,0.0824598,0,0,MINE_TEST,1.25
3.82189,-77.4968,-79.2968,-79.2877,-79.2717,-79.1884,0.0833006,0,0,MINE_TEST,1.25
3.8477,-77.5593,-79.3593,-79.3017,-79.2733,-79.1885,0.0848267,0,0,MINE_TEST,1.25
3.87765,-77.4795,-79.2795,-79.3035,-79.2738,-79.1885,0.0852273,0,0,MINE_TEST,1.25
3.90818,-77.6396,-79.4396,-79.2947,-79.2724,-79.1888,0.083661,0,0,MINE_TEST,1.25
3.93838,-77.3311,-79.1311,-79.2807,-79.2693,-79.1923,0.0770608,0,0,MINE_TEST,1.25
3.96728,-77.4373,-79.2373,-79.2662,-79.2648,-79.1924,0.072391,0,0,MINE_TEST,1.25
3.99472,-77.6121,-79.4121,-79.2523,-79.259,-79.1976,0.0613954,0,0,MINE_TEST,1.25
4.02512,-77.3438,-79.1438,-79.2389,-79.2518,-79.198,0.0537555,0,0,MINE_TEST,1.25
4.05589,-77.4005,-79.2005,-79.2277,-79.2436,-79.1984,0.0451579,0,0,MINE_TEST,1.25
4.08607,-77.4075,-79.2075,-79.2203,-79.2354,-79.1988,0.0365424,0,0,MINE_TEST,1.25
4.1152,-77.4668,-79.2668,-79.2161,-79.2283,-79.1991,0.0292398,0,0,MINE_TEST,1.25
4.1447,-77.4072,-79.2072,-79.2136,-79.223,-79.2,0.022969,0,0,MINE_TEST,1.25
4.16966,-77.3394,-79.1394,-79.2128,-79.219,-79.2005,0.0184816,0,0,MINE_TEST,1.25
4.1956,-77.4864,-79.2864,-79.2144,-79.2155,-79.2027,0.0127955,0,0,MINE_TEST,1.25
4.22553,-77.3694,-79.1694,-79.2175,-79.2118,-79.2036,0.00818448,0,0,MINE_TEST,1.25
4.25399,-77.4073,-79.2073,-79.2195,-79.2073,-79.2036,0.0036993,0,0,MINE_TEST,1.25
4.2834,-77.5325,-79.3325,-79.2177,-79.2022,-79.2036,0.00141821,0,0,MINE_TEST,1.25
4.3089,-77.3358,-79.1358,-79.2113,-79.1964,-79.2036,0.00718513,0,0,MINE_TEST,1.25
4.33379,-77.4055,-79.2055,-79.2009,-79.1898,-79.2036,0.013758,0,0,MINE_TEST,1.25
4.35936,-77.4002,-79.2002,-79.187,-79.1824,-79.2036,0.0211653,0,0,MINE_TEST,1.25
4.38914,-77.474,-79.274,-79.1704,-79.1743,-79.2027,0.0284963,0,0,MINE_TEST,1.25
4.41679,-77.1829,-78.9829,-79.1536,-79.1653,-79.2022,0.0368608,0,0,MINE_TEST,1.25
4.44299,-77.4566,-79.2566,-79.1407,-79.1554,-79.2005,0.0450707,0,0,MINE_TEST,1.25
4.46937,-77.2068,-79.0068,-79.1336,-79.1448,-79.2,0.0552375,0,0,MINE_TEST,1.25
4.49485,-77.4216,-79.2216,-79.1309,-79.1341,-79.1991,0.0650074,0,0,MINE_TEST,1.25
4.52546,-77.2634,-79.0634,-79.1289,-79.1244,-79.1988,0.0743954,0,0,MINE_TEST,1.25
4.55112,-77.399,-79.199,-79.1246,-79.1165,-79.1984,0.0818999,0,0,MINE_TEST,1.25
4.578,-77.3509,-79.1509,-79.118,-79.1102,-79.1976,0.0873787,0,0,MINE_TEST,1.25
4.60344,-77.1441,-78.9441,-79.1102,-79.1049,-79.1964,0.0915137,0,0,MINE_TEST,1.25
4.62876,-77.4304,-79.2304,-79.1014,-79.0999,-79.1924,0.0925357,0,0,MINE_TEST,1.25
4.65412,-77.374,-79.174,-79.0916,-79.095,-79.1923,0.0973066,0,0,MINE_TEST,1.25
4.68347,-77.1504,-78.9504,-79.0843,-79.0903,-79.1898,0.0995348,0,0,MINE_TEST,1.25
4.71188,-77.1617,-78.9617,-79.084,-79.0867,-79.1888,0.102077,0,0,MINE_TEST,1.25
4.74033,-77.4833,-79.2833,-79.0896,-79.0855,-79.1885,0.103021,0,0,MINE_TEST,1.25
4.77155,-77.2254,-79.0254,-79.095,-79.088,-79.1884,0.100435,0,0,MINE_TEST,1.25
4.79965,-77.2827,-79.0827,-79.095,-79.0946,-79.1884,0.0938506,0,0,MINE_TEST,1.25
4.82533,-77.4182,-79.2182,-79.0904,-79.1042,-79.1884,0.0842258,0,0,MINE_TEST,1.25
4.85103,-77.1786,-78.9786,-79.0875,-79.115,-79.1884,0.073389,0,0,MINE_TEST,1.25
4.87581,-77.2019,-79.0019,-79.0935,-79.1254,-79.1884,0.0630844,0,0,MINE_TEST,1.25
4.90549,-77.3272,-79.1272,-79.1112,-79.1339,-79.1865,0.0526579,0,0,MINE_TEST,1.25
4.93596,-77.4424,-79.2424,-79.1376,-79.1397,-79.1864,0.0467247,0,0,MINE_TEST,1.25
4.9662,-77.1903,-78.9903,-79.1666,-79.1421,-79.1845,0.0423179,0,0,MINE_TEST,1.25
4.99595,-77.4685,-79.2685,-79.1892,-79.141,-79.1845,0.0434754,0,0,MINE_TEST,1.25
5.02529,-77.5656,-79.3656,-79.1952,-79.1369,-79.1845,0.0475771,0,0,MINE_TEST,1.25
5.05251,-77.4028,-79.2028,-79.1795,-79.1312,-79.1845,0.0532688,0,0,MINE_TEST,1.25
5.08201,-77.3396,-79.1396,-79.1483,-79.1255,-79.1845,0.0589686,0,0,MINE_TEST,1.25
5.11086,-77.2154,-79.0154,-79.1146,-79.1211,-79.1845,0.0633979,0,0,MINE_TEST,1.25
5.13961,-77.2996,-79.0996,-79.0889,-79.1185,-79.1845,0.0659731,0,0,MINE_TEST,1.25
5.16881,-77.253,-79.053,-79.0743,-79.1177,-79.1845,0.0667246,0,0,MINE_TEST,1.25
5.19425,-77.2979,-79.0979,-79.0697,-79.1187,-79.1845,0.0657979,0,0,MINE_TEST,1.25
5.21904,-77.1822,-78.9822,-79.0744,-79.1214,-79.1845,0.0630495,0,0,MINE_TEST,1.25
5.2477,-77.2922,-79.0922,-79.0893,-79.1264,-79.1845,0.0580276,0,0,MINE_TEST,1.25
5.27504,-77.3549,-79.1549,-79.115,-79.1342,-79.1845,0.0502872,0,0,MINE_TEST,1.25
5.30513,-77.2104,-79.0104,-79.1498,-79.1445,-79.1845,0.039972,0,0,MINE_TEST,1.25
5.33442,-77.4489,-79.2489,-79.1874,-79.1562,-79.1845,0.0282284,0,0,MINE_TEST,1.25
5.35917,-77.4602,-79.2602,-79.2171,-79.1676,-79.1845,0.0168486,0,0,MINE_TEST,1.25
5.38672,-77.6037,-79.4037,-79.2296,-79.1771,-79.1845,0.00735177,0,0,MINE_TEST,1.25
5.4114,-77.3045,-79.1045,-79.224,-79.1841,-79.1845,0.000397061,0,0,MINE_TEST,1.25
5.43985,-77.4797,-79.2797,-79.2076,-79.1885,-79.1864,0.00210733,0,0,MINE_TEST,1.25
5.46507,-77.3431,-79.1431,-79.1894,-79.1908,-79.1885,0.00226122,0,0,MINE_TEST,1.25
5.4939,-77.3462,-79.1462,-79.1743,-79.1909,-79.1888,0.00215581,0,0,MINE_TEST,1.25
5.52136,-77.358,-79.158,-79.1633,-79.1889,-79.1889,0,0,0,MINE_TEST,1.25
5.54693,-77.4602,-79.2602,-79.1562,-79.1854,-79.1889,0.00350388,0,0,MINE_TEST,1.25
5.57525,-77.187,-78.987,-79.1556,-79.1821,-79.1889,0.00679761,0,0,MINE_TEST,1.25
5.6028,-77.3993,-79.1993,-79.164,-79.1816,-79.1889,0.0073127,0,0,MINE_TEST,1.25
5.63014,-77.3054,-79.1054,-79.1803,-79.186,-79.1889,0.00297852,0,0,MINE_TEST,1.25
5.65746,-77.5685,-79.3685,-79.199,-79.1954,-79.1898,0.00559537,0,0,MINE_TEST,1.25
5.68374,-77.2721,-79.0721,-79.2148,-79.2085,-79.1908,0.0177452,0,0,MINE_TEST,1.25
5.70833,-77.5088,-79.3088,-79.2255,-79.223,-79.1909,0.0320583,0,0,MINE_TEST,1.25
5.73638,-77.4513,-79.2513,-79.2322,-79.2367,-79.1924,0.0442636,0,0,MINE_TEST,1.25
5.76434,-77.4301,-79.2301,-79.2395,-79.2482,-79.1954,0.0527586,0,0,MINE_TEST,1.25
5.79182,-77.4015,-79.2015,-79.2533,-79.2564,-79.1964,0.0600279,0,0,MINE_TEST,1.25
5.81881,-77.3292,-79.1292,-79.2738,-79.2609,-79.1964,0.0645267,0,0,MINE_TEST,1.25
5.84392,-77.6721,-79.4721,-79.2917,-79.2618,-79.1964,0.0654155,0,0,MINE_TEST,1.25
5.8689,-77.6431,-79.4431,-79.2947,-79.2598,-79.1964,0.063391,0,0,MINE_TEST,1.25
5.89903,-77.4104,-79.2104,-79.28,-79.2557,-79.1964,0.0592958,0,0,MINE_TEST,1.25
5.92811,-77.4105,-79.2105,-79.2558,-79.2501,-79.1964,0.0536664,0,0,MINE_TEST,1.25
5.95634,-77.417,-79.217,-79.2322,-79.243,-79.1964,0.0466137,0,0,MINE_TEST,1.25
5.98257,-77.4524,-79.2524,-79.2135,-79.2346,-79.1964,0.0381594,0,0,MINE_TEST,1.25
6.00729,-77.3707,-79.1707,-79.1998,-79.225,-79.1964,0.0285607,0,0,MINE_TEST,1.25
6.03565,-77.3979,-79.1979,-79.192,-79.2146,-79.1964,0.0182217,0,0,MINE_TEST,1.25
6.06317,-77.318,-79.118,-79.1915,-79.2039,-79.1964,0.00750906,0,0,MINE_TEST,1.25
6.09092,-77.3499,-79.1499,-79.1958,-79.1933,-79.1954,0.00210033,0,0,MINE_TEST,1.25
6.11637,-77.5777,-79.3777,-79.198,-79.1837,-79.1933,0.00965816,0,0,MINE_TEST,1.25
6.14077,-77.3462,-79.1462,-79.1927,-79.1757,-79.1909,0.0151875,0,0,MINE_TEST,1.25
6.16847,-77.3484,-79.1484,-79.1813,-79.1698,-79.1908,0.0209658,0,0,MINE_TEST,1.25
6.19642,-77.4205,-79.2205,-79.17,-79.1659,-79.1898,0.0239704,0,0,MINE_TEST,1.25
6.22433,-77.2798,-79.0798,-79.1643,-79.1636,-79.1889,0.0252967,0,0,MINE_TEST,1.25
6.25002,-77.2924,-79.0924,-79.1635,-79.1629,-79.1885,0.0256689,0,0,MINE_TEST,1.25
6.27492,-77.5297,-79.3297,-79.1621,-79.1633,-79.186,0.0226495,0,0,MINE_TEST,1.25
6.30235,-77.3979,-79.1979,-79.1565,-79.165,-79.1854,0.0204521,0,0,MINE_TEST,1.25
6.32773,-77.158,-78.958,-79.1504,-79.1683,-79.1841,0.0157862,0,0,MINE_TEST,1.25
6.35236,-77.4408,-79.2408,-79.1517,-79.1738,-79.1837,0.00992124,0,0,MINE_TEST,1.25
6.37998,-77.2993,-79.0993,-79.1647,-79.1819,-79.1824,0.000548627,0,0,MINE_TEST,1.25
6.40773,-77.3147,-79.1147,-79.1864,-79.1923,-79.1824,0.00991766,0,0,MINE_TEST,1.25
6.43527,-77.5361,-79.3361,-79.2088,-79.2039,-79.1824,0.0215216,0,0,MINE_TEST,1.25
6.46404,-77.4142,-79.2142,-79.2248,-79.2148,-79.1824,0.0323459,0,0,MINE_TEST,1.25
6.4903,-77.5083,-79.3083,-79.2335,-79.2232,-79.1824,0.0407905,0,0,MINE_TEST,1.25
6.5149,-77.3212,-79.1212,-79.2398,-79.229,-79.1824,0.0465643,0,0,MINE_TEST,1.25
6.54271,-77.4061,-79.2061,-79.2472,-79.233,-79.1824,0.0505558,0,0,MINE_TEST,1.25
6.57708,-77.5882,-79.3882,-79.2536,-79.236,-79.1824,0.05362,0,0,MINE_TEST,1.25
6.60217,-77.5221,-79.3221,-79.2549,-79.2382,-79.1824,0.0557538,0,0,MINE_TEST,1.25
6.63011,-77.2172,-79.0172,-79.2498,-79.2389,-79.1824,0.056483,0,0,MINE_TEST,1.25
6.65798,-77.6703,-79.4703,-79.2383,-79.2381,-79.1824,0.0556676,0,0,MINE_TEST,1.25
6.68281,-77.3689,-79.1689,-79.2211,-79.236,-79.1824,0.0536143,0,0,MINE_TEST,1.25
6.7101,-77.4465,-79.2465,-79.203,-79.233,-79.1824,0.050627,0,0,MINE_TEST,1.25
6.73498,-77.2891,-79.0891,-79.1944,-79.229,-79.1824,0.0465937,0,0,MINE_TEST,1.25
6.7598,-77.2297,-79.0297,-79.2016,-79.2235,-79.1824,0.0410405,0,0,MINE_TEST,1.25
6.78544,-77.5129,-79.3129,-79.2185,-79.216,-79.1824,0.0335758,0,0,MINE_TEST,1.25
6.81371,-77.6692,-79.4692,-79.2313,-79.2067,-79.1824,0.0243172,0,0,MINE_TEST,1.25
6.8453,-77.2703,-79.0703,-79.2311,-79.1963,-79.1824,0.0139095,0,0,MINE_TEST,1.25
6.87312,-77.4234,-79.2234,-79.2192,-79.1857,-79.1824,0.00329382,0,0,MINE_TEST,1.25
6.90141,-77.5026,-79.3026,-79.2006,-79.1759,-79.1821,0.00624755,0,0,MINE_TEST,1.25
6.92665,-77.3185,-79.1185,-79.1783,-79.1677,-79.1819,0.014176,0,0,MINE_TEST,1.25
6.95205,-77.3576,-79.1576,-79.1551,-79.1614,-79.1816,0.0202299,0,0,MINE_TEST,1.25
6.98329,-77.3812,-79.1812,-79.1347,-79.1569,-79.1771,0.0202384,0,0,MINE_TEST,1.25
7.01601,-77.186,-78.986,-79.1212,-79.1539,-79.1759,0.0219999,0,0,MINE_TEST,1.25
7.04702,-77.3399,-79.1399,-79.1164,-79.1526,-79.1757,0.0231544,0,0,MINE_TEST,1.25
7.07251,-77.383,-79.183,-79.1202,-79.1531,-79.1743,0.0211875,0,0,MINE_TEST,1.25
7.10257,-77.2525,-79.0525,-79.1324,-79.155,-79.1738,0.0187352,0,0,MINE_TEST,1.25
7.13142,-77.2634,-79.0634,-79.1523,-79.1579,-79.1698,0.0119221,0,0,MINE_TEST,1.25
7.15967,-77.4606,-79.2606,-79.1761,-79.1616,-79.1698,0.00828062,0,0,MINE_TEST,1.25
7.18923,-77.4576,-79.2576,-79.1967,-79.1662,-79.1698,0.00359357,0,0,MINE_TEST,1.25
7.21836,-77.3971,-79.1971,-79.2094,-79.1719,-79.1719,0,0,0,MINE_TEST,1.25
7.24386,-77.3869,-79.1869,-79.2133,-79.1774,-79.1738,0.00359848,0,0,MINE_TEST,1.25
7.27057,-77.4271,-79.2271,-79.2075,-79.1815,-79.1757,0.00575604,0,0,MINE_TEST,1.25
7.30092,-77.5172,-79.3172,-79.1906,-79.1837,-79.1759,0.0077904,0,0,MINE_TEST,1.25
7.32976,-77.3513,-79.1513,-79.1664,-79.184,-79.1771,0.00693686,0,0,MINE_TEST,1.25
7.35735,-77.2788,-79.0788,-79.147,-79.1827,-79.1774,0.00533757,0,0,MINE_TEST,1.25
7.38485,-77.1897,-78.9897,-79.1442,-79.1795,-79.1795,0,0,0,MINE_TEST,1.25
7.41216,-77.3352,-79.1352,-79.158,-79.1744,-79.1795,0.00508475,0,0,MINE_TEST,1.25
7.43708,-77.4884,-79.2884,-79.1744,-79.1682,-79.1795,0.0112806,0,0,MINE_TEST,1.25
7.4621,-77.5904,-79.3904,-79.18,-79.1625,-79.1795,0.0169864,0,0,MINE_TEST,1.25
7.4898,-77.2159,-79.0159,-79.1753,-79.1589,-79.1795,0.0205511,0,0,MINE_TEST,1.25
7.51758,-77.2011,-79.0011,-79.1704,-79.1584,-79.1795,0.0210835,0,0,MINE_TEST,1.25
7.54532,-77.5236,-79.3236,-79.1702,-79.1608,-79.1795,0.0186869,0,0,MINE_TEST,1.25
7.57086,-77.4227,-79.2227,-79.1697,-79.1652,-79.1795,0.0142763,0,0,MINE_TEST,1.25
7.59631,-77.3208,-79.1208,-79.1635,-79.1702,-79.1795,0.00926916,0,0,MINE_TEST,1.25
7.62479,-77.3709,-79.1709,-79.1543,-79.1744,-79.1795,0.00509616,0,0,MINE_TEST,1.25
7.65307,-77.3335,-79.1335,-79.151,-79.1769,-79.1795,0.00256981,0,0,MINE_TEST,1.25
7.6817,-77.2314,-79.0314,-79.1602,-79.178,-79.1795,0.00148431,0,0,MINE_TEST,1.25
7.7107,-77.3614,-79.1614,-79.1796,-79.1788,-79.1795,0.000738043,0,0,MINE_TEST,1.25
7.7356,-77.5648,-79.3648,-79.1991,-79.1805,-79.1805,0,0,0,MINE_TEST,1.25
7.76158,-77.3873,-79.1873,-79.2091,-79.1841,-79.1815,0.00262683,0,0,MINE_TEST,1.25
7.78658,-77.4579,-79.2579,-79.2086,-79.1897,-79.1816,0.00803974,0,0,MINE_TEST,1.25
7.81424,-77.2669,-79.0669,-79.2032,-79.1966,-79.1819,0.0147695,0,0,MINE_TEST,1.25
7.84249,-77.5582,-79.3582,-79.1982,-79.204,-79.1821,0.0218669,0,0,MINE_TEST,1.25
7.87106,-77.2025,-79.0025,-79.1946,-79.2103,-79.1827,0.0275685,0,0,MINE_TEST,1.25
7.8965,-77.5805,-79.3805,-79.192,-79.2138,-79.1837,0.030118,0,0,MINE_TEST,1.25
7.92283,-77.3656,-79.1656,-79.1937,-79.2138,-79.1837,0.0300757,0,0,MINE_TEST,1.25
7.95285,-77.2037,-79.0037,-79.2049,-79.2107,-79.184,0.026691,0,0,MINE_TEST,1.25
7.98333,-77.4105,-79.2105,-79.2248,-79.2067,-79.1841,0.0226741,0,0,MINE_TEST,1.25
8.01592,-77.6526,-79.4526,-79.2415,-79.2044,-79.1841,0.0202647,0,0,MINE_TEST,1.25
8.04401,-77.496,-79.296,-79.2422,-79.2056,-79.1854,0.0201671,0,0,MINE_TEST,1.25
8.07228,-77.3712,-79.1712,-79.2249,-79.2106,-79.1857,0.0249197,0,0,MINE_TEST,1.25
8.09703,-77.4319,-79.2319,-79.2001,-79.2179,-79.186,0.0319699,0,0,MINE_TEST,1.25
8.12205,-77.2817,-79.0817,-79.1812,-79.2249,-79.1885,0.0363287,0,0,MINE_TEST,1.25
8.15114,-77.357,-79.157,-79.1765,-79.2287,-79.1889,0.0397764,0,0,MINE_TEST,1.25
8.18092,-77.3898,-79.1898,-79.1878,-79.2278,-79.1897,0.0381128,0,0,MINE_TEST,1.25
8.20918,-77.3129,-79.1129,-79.2113,-79.222,-79.1897,0.0323398,0,0,MINE_TEST,1.25
8.2343,-77.5436,-79.3436,-79.2393,-79.213,-79.1897,0.0233516,0,0,MINE_TEST,1.25
8.26369,-77.4073,-79.2073,-79.2612,-79.2035,-79.1923,0.0111872,0,0,MINE_TEST,1.25
8.2926,-77.6106,-79.4106,-79.2659,-79.1959,-79.1933,0.00260555,0,0,MINE_TEST,1.25
8.31783,-77.4847,-79.2847,-79.2464,-79.1909,-79.1933,0.00242275,0,0,MINE_TEST,1.25
8.34633,-77.4423,-79.2423,-79.2044,-79.187,-79.1933,0.00639242,0,0,MINE_TEST,1.25
8.3755,-77.4472,-79.2472,-79.1533,-79.1819,-79.1933,0.0114665,0,0,MINE_TEST,1.25
8.40438,-77.0392,-78.8392,-79.1133,-79.1745,-79.1923,0.0178706,0,0,MINE_TEST,1.25
8.42962,-77.2518,-79.0518,-79.1,-79.1648,-79.1909,0.0261131,0,0,MINE_TEST,1.25
8.45489,-77.2814,-79.0814,-79.1138,-79.154,-79.1897,0.0356616,0,0,MINE_TEST,1.25
8.48505,-77.42,-79.22,-79.1412,-79.1439,-79.187,0.0430351,0,0,MINE_TEST,1.25
8.51514,-77.3775,-79.1775,-79.1645,-79.1369,-79.1857,0.0488033,0,0,MINE_TEST,1.25
8.54326,-77.3588,-79.1588,-79.1721,-79.1351,-79.1841,0.0490329,0,0,MINE_TEST,1.25
8.56848,-77.6468,-79.4468,-79.1633,-79.1391,-79.184,0.0449109,0,0,MINE_TEST,1.25
8.59407,-77.1031,-78.9031,-79.149,-79.1476,-79.1837,0.0361138,0,0,MINE_TEST,1.25
8.62038,-77.1842,-78.9842,-79.1422,-79.1574,-79.1837,0.0262795,0,0,MINE_TEST,1.25
8.65006,-77.5403,-79.3403,-79.1472,-79.1656,-79.1827,0.0171477,0,0,MINE_TEST,1.25
8.6802,-77.3236,-79.1236,-79.1593,-79.1704,-79.1819,0.0114451,0,0,MINE_TEST,1.25
8.70783,-77.3367,-79.1367,-79.1735,-79.1727,-79.1819,0.00912926,0,0,MINE_TEST,1.25
8.73517,-77.402,-79.202,-79.1887,-79.1749,-79.1815,0.0066124,0,0,MINE_TEST,1.25
8.7631,-77.3223,-79.1223,-79.2023,-79.1794,-79.1805,0.00115533,0,0,MINE_TEST,1.25
8.78901,-77.5594,-79.3594,-79.2075,-79.1872,-79.1805,0.00668844,0,0,MINE_TEST,1.25
8.81418,-77.4861,-79.2861,-79.2001,-79.1976,-79.1805,0.0170683,0,0,MINE_TEST,1.25
8.84399,-77.307,-79.107,-79.186,-79.2085,-79.1805,0.0279383,0,0,MINE_TEST,1.25
8.87344,-77.2812,-79.0812,-79.1793,-79.2178,-79.1805,0.0373084,0,0,MINE_TEST,1.25
8.90232,-77.3207,-79.1207,-79.1911,-79.225,-79.1815,0.043456,0,0,MINE_TEST,1.25
8.93205,-77.4638,-79.2638,-79.2202,-79.2305,-79.1819,0.0486369,0,0,MINE_TEST,1.25
8.95725,-77.3801,-79.1801,-79.2541,-79.2355,-79.1819,0.0536108,0,0,MINE_TEST,1.25
8.98183,-77.6615,-79.4615,-79.277,-79.2403,-79.1827,0.0575846,0,0,MINE_TEST,1.25
9.00733,-77.5446,-79.3446,-79.2798,-79.2446,-79.1837,0.0609321,0,0,MINE_TEST,1.25
9.03511,-77.4213,-79.2213,-79.2648,-79.248,-79.184,0.0639331,0,0,MINE_TEST,1.25
9.06284,-77.4152,-79.2152,-79.2436,-79.2496,-79.1841,0.0654777,0,0,MINE_TEST,1.25
9.08779,-77.4456,-79.2456,-79.2286,-79.2484,-79.1857,0.0626691,0,0,MINE_TEST,1.25
9.11537,-77.3094,-79.1094,-79.2261,-79.2432,-79.187,0.0562195,0,0,MINE_TEST,1.25
9.14242,-77.3938,-79.1938,-79.2328,-79.2336,-79.1872,0.0464426,0,0,MINE_TEST,1.25
9.17001,-77.5973,-79.3973,-79.2384,-79.2209,-79.1872,0.0336796,0,0,MINE_TEST,1.25
9.19449,-77.4943,-79.2943,-79.2338,-79.2072,-79.1872,0.0199547,0,0,MINE_TEST,1.25
9.21973,-77.3014,-79.1014,-79.2177,-79.1951,-79.1872,0.00791711,0,0,MINE_TEST,1.25
9.24544,-77.4674,-79.2674,-79.1952,-79.187,-79.187,0,0,0,MINE_TEST,1.25
9.2727,-77.3509,-79.1509,-79.1728,-79.1839,-79.187,0.00309724,0,0,MINE_TEST,1.25
9.30019,-77.3795,-79.1795,-79.1561,-79.1859,-79.1859,0,0,0,MINE_TEST,1.25
9.32691,-77.2188,-79.0188,-79.1513,-79.1925,-79.1859,0.00656226,0,0,MINE_TEST,1.25
9.35168,-77.3563,-79.1563,-79.1614,-79.2025,-79.1859,0.0165631,0,0,MINE_TEST,1.25
9.37726,-77.3678,-79.1678,-79.1835,-79.2146,-79.1859,0.0286834,0,0,MINE_TEST,1.25
9.40288,-77.4666,-79.2666,-79.2106,-79.2273,-79.1859,0.0414115,0,0,MINE_TEST,1.25
9.42779,-77.4108,-79.2108,-79.2371,-79.2391,-79.1859,0.0531484,0,0,MINE_TEST,1.25
9.45516,-77.5121,-79.3121,-79.2614,-79.2484,-79.1859,0.0624935,0,0,MINE_TEST,1.25
9.48282,-77.3782,-79.1782,-79.2843,-79.2545,-79.1859,0.0686295,0,0,MINE_TEST,1.25
9.51019,-77.5948,-79.3948,-79.304,-79.2575,-79.1859,0.0715569,0,0,MINE_TEST,1.25
9.53658,-77.5456,-79.3456,-79.3149,-79.2576,-79.1859,0.0717097,0,0,MINE_TEST,1.25
9.56137,-77.5004,-79.3004,-79.3099,-79.2551,-79.1859,0.0692178,0,0,MINE_TEST,1.25
9.58926,-77.6376,-79.4376,-79.285,-79.2496,-79.1859,0.0636924,0,0,MINE_TEST,1.25
9.61685,-77.4407,-79.2407,-79.2433,-79.2409,-79.187,0.0539157,0,0,MINE_TEST,1.25
9.64411,-77.3185,-79.1185,-79.1966,-79.2298,-79.187,0.042854,0,0,MINE_TEST,1.25
9.67414,-77.3974,-79.1974,-79.161,-79.2185,-79.1872,0.0312674,0,0,MINE_TEST,1.25
9.70026,-77.1115,-78.9115,-79.1494,-79.2092,-79.1897,0.0195349,0,0,MINE_TEST,1.25
9.72544,-77.3637,-79.1637,-79.1631,-79.2038,-79.1909,0.0128838,0,0,MINE_TEST,1.25
9.75144,-77.4919,-79.2919,-79.1909,-79.2031,-79.1925,0.0106037,0,0,MINE_TEST,1.25
9.77934,-77.3523,-79.1523,-79.2171,-79.207,-79.1951,0.0119193,0,0,MINE_TEST,1.25
9.80833,-77.5832,-79.3832,-79.2315,-79.2154,-79.1959,0.0194912,0,0,MINE_TEST,1.25
9.83761,-77.4988,-79.2988,-79.2363,-79.2281,-79.1966,0.0314615,0,0,MINE_TEST,1.25
9.86402,-77.1607,-78.9607,-79.2431,-79.2446,-79.1976,0.0470123,0,0,MINE_TEST,1.25
9.88845,-77.5683,-79.3683,-79.2609,-79.2637,-79.2025,0.0612158,0,0,MINE_TEST,1.25
9.91611,-77.4463,-79.2463,-79.2884,-79.2831,-79.2031,0.0800692,0,0,MINE_TEST,1.25
9.94443,-77.5605,-79.3605,-79.3146,-79.3004,-79.2035,0.0968502,0,0,MINE_TEST,1.25
9.9729,-77.5902,-79.3902,-79.3287,-79.3134,-79.2038,0.109638,0,0,MINE_TEST,1.25
9.99949,-77.6212,-79.4212,-79.328,-79.3217,-79.204,0.117739,0,0,MINE_TEST,1.25
10.0245,-77.4432,-79.2432,-79.32,-79.3257,-79.2044,0.121326,0,0,MINE_TEST,1.25
10.0508,-77.4448,-79.2448,-79.3161,-79.326,-79.2056,0.120353,0,0,MINE_TEST,1.25
10.0789,-77.4503,-79.2503,-79.3212,-79.3226,-79.2067,0.115853,0,0,MINE_TEST,1.25
10.1045,-77.6879,-79.4879,-79.3295,-79.3152,-79.207,0.108148,0,0,MINE_TEST,1.25
10.1294,-77.4674,-79.2674,-79.3306,-79.3037,-79.2072,0.0965135,0,0,MINE_TEST,1.25
10.1567,-77.6549,-79.4549,-79.3182,-79.2892,-79.2085,0.0807127,0,0,MINE_TEST,1.25
10.1854,-77.4451,-79.2451,-79.2939,-79.2739,-79.2092,0.0647103,0,0,MINE_TEST,1.25
10.2125,-77.4304,-79.2304,-79.2643,-79.2601,-79.2103,0.049875,0,0,MINE_TEST,1.25
10.2382,-77.4658,-79.2658,-79.2363,-79.2491,-79.2106,0.0384475,0,0,MINE_TEST,1.25
10.2631,-77.3997,-79.1997,-79.2145,-79.2409,-79.2107,0.0301467,0,0,MINE_TEST,1.25
10.2909,-77.3168,-79.1168,-79.2016,-79.2352,-79.213,0.0222201,0,0,MINE_TEST,1.25
10.3213,-77.4118,-79.2118,-79.1987,-79.232,-79.2138,0.0182593,0,0,MINE_TEST,1.25
10.3501,-77.4674,-79.2674,-79.2061,-79.2316,-79.2138,0.0178439,0,0,MINE_TEST,1.25
10.376,-77.2453,-79.0453,-79.223,-79.235,-79.2146,0.0204114,0,0,MINE_TEST,1.25
10.4007,-77.5157,-79.3157,-79.2459,-79.243,-79.2154,0.0275348,0,0,MINE_TEST,1.25
10.426,-77.499,-79.299,-79.2682,-79.2558,-79.2178,0.0379655,0,0,MINE_TEST,1.25
10.4517,-77.595,-79.395,-79.2846,-79.2726,-79.2179,0.0546182,0,0,MINE_TEST,1.25
10.4768,-77.3542,-79.1542,-79.2963,-79.2911,-79.2185,0.0726532,0,0,MINE_TEST,1.25
10.5018,-77.5407,-79.3407,-79.3077,-79.3086,-79.2209,0.0877613,0,0,MINE_TEST,1.25
10.5265,-77.491,-79.291,-79.3201,-79.3223,-79.222,0.100334,0,0,MINE_TEST,1.25
10.5513,-77.6607,-79.4607,-79.331,-79.3303,-79.2249,0.105398,0,0,MINE_TEST,1.25
10.5761,-77.3973,-79.1973,-79.3386,-79.3316,-79.225,0.106661,0,0,MINE_TEST,1.25
10.6039,-77.699,-79.499,-79.344,-79.3268,-79.2273,0.09951,0,0,MINE_TEST,1.25
10.6293,-77.3543,-79.1543,-79.3471,-79.3174,-79.2278,0.0896424,0,0,MINE_TEST,1.25
10.6546,-77.6892,-79.4892,-79.3435,-79.3054,-79.2281,0.0772538,0,0,MINE_TEST,1.25
10.6827,-77.5989,-79.3989,-79.326,-79.2923,-79.2287,0.0635861,0,0,MINE_TEST,1.25
10.7111,-77.545,-79.345,-79.2928,-79.2793,-79.2298,0.0495291,0,0,MINE_TEST,1.25
10.7408,-77.3893,-79.1893,-79.2523,-79.2671,-79.2305,0.0366391,0,0,MINE_TEST,1.25
10.7665,-77.3108,-79.1108,-79.2171,-79.2564,-79.2316,0.0247439,0,0,MINE_TEST,1.25
10.7918,-77.4581,-79.2581,-79.1969,-79.2477,-79.232,0.0156791,0,0,MINE_TEST,1.25
10.821,-77.2921,-79.0921,-79.1945,-79.2412,-79.2336,0.0075902,0,0,MINE_TEST,1.25
10.8488,-77.399,-79.199,-79.207,-79.2367,-79.235,0.0016522,0,0,MINE_TEST,1.25
10.8745,-77.3844,-79.1844,-79.227,-79.2337,-79.235,0.00134587,0,0,MINE_TEST,1.25
10.9003,-77.5366,-79.3366,-79.2458,-79.2325,-79.235,0.00247214,0,0,MINE_TEST,1.25
10.9259,-77.6171,-79.4171,-79.2584,-79.2341,-79.235,0.000945428,0,0,MINE_TEST,1.25
10.9505,-77.1305,-78.9305,-79.2667,-79.2386,-79.2352,0.00338702,0,0,MINE_TEST,1.25
10.9777,-77.7044,-79.5044,-79.2728,-79.2454,-79.2355,0.00995953,0,0,MINE_TEST,1.25
11.0044,-77.4402,-79.2402,-79.2745,-79.2527,-79.2367,0.0159911,0,0,MINE_TEST,1.25
11.0317,-77.5147,-79.3147,-79.2681,-79.2583,-79.2386,0.0196576,0,0,MINE_TEST,1.25
11.0595,-77.4626,-79.2626,-79.2552,-79.2614,-79.2391,0.0223248,0,0,MINE_TEST,1.25
11.0868,-77.4078,-79.2078,-79.2431,-79.2624,-79.2403,0.0220849,0,0,MINE_TEST,1.25
11.112,-77.3737,-79.1737,-79.2393,-79.2624,-79.2409,0.0215075,0,0,MINE_TEST,1.25
11.1369,-77.3988,-79.1988,-79.2455,-79.2622,-79.2409,0.0213275,0,0,MINE_TEST,1.25
11.1669,-77.5696,-79.3696,-79.2566,-79.2619,-79.2412,0.0206352,0,0,MINE_TEST,1.25
11.1969,-77.3973,-79.1973,-79.2654,-79.2611,-79.243,0.0181257,0,0,MINE_TEST,1.25
11.2226,-77.5815,-79.3815,-79.2686,-79.26,-79.2432,0.0168786,0,0,MINE_TEST,1.25
11.2479,-77.347,-79.147,-79.2674,-79.2593,-79.2446,0.0147106,0,0,MINE_TEST,1.25
11.2756,-77.5757,-79.3757,-79.2665,-79.2594,-79.2446,0.0147896,0,0,MINE_TEST,1.25
11.3039,-77.3868,-79.1868,-79.269,-79.2604,-79.2454,0.0149874,0,0,MINE_TEST,1.25
11.3318,-77.3709,-79.1709,-79.2733,-79.2619,-79.2477,0.0142382,0,0,MINE_TEST,1.25
11.3576,-77.6498,-79.4498,-79.272,-79.2632,-79.248,0.0152381,0,0,MINE_TEST,1.25
11.383,-77.5984,-79.3984,-79.2614,-79.2638,-79.2484,0.0154498,0,0,MINE_TEST,1.25
11.4082,-77.2992,-79.0992,-79.2485,-79.2641,-79.2484,0.0156919,0,0,MINE_TEST,1.25
11.4358,-77.1826,-78.9826,-79.2452,-79.265,-79.2491,0.0159077,0,0,MINE_TEST,1.25
11.4604,-77.6741,-79.4741,-79.2537,-79.2674,-79.2496,0.0178171,0,0,MINE_TEST,1.25
11.4879,-77.5353,-79.3353,-79.2658,-79.2716,-79.2496,0.0220136,0,0,MINE_TEST,1.25
11.5158,-77.4221,-79.2221,-79.2752,-79.277,-79.2527,0.0243948,0,0,MINE_TEST,1.25
11.5442,-77.3035,-79.1035,-79.2818,-79.2828,-79.2545,0.0283015,0,0,MINE_TEST,1.25
11.5699,-77.7728,-79.5728,-79.2871,-79.2882,-79.2551,0.0330637,0,0,MINE_TEST,1.25
11.5969,-77.3431,-79.1431,-79.2909,-79.2921,-79.2558,0.0363527,0,0,MINE_TEST,1.25
11.6276,-77.4941,-79.2941,-79.294,-79.2934,-79.2564,0.0369615,0,0,MINE_TEST,1.25
11.6576,-77.5254,-79.3254,-79.2978,-79.2904,-79.2575,0.0328868,0,0,MINE_TEST,1.25
11.6884,-77.4699,-79.2699,-79.301,-79.2824,-79.2576,0.0247929,0,0,MINE_TEST,1.25
11.7176,-77.5133,-79.3133,-79.2991,-79.2703,-79.2583,0.0120377,0,0,MINE_TEST,1.25
11.7467,-77.6368,-79.4368,-79.288,-79.2562,-79.2583,0.00207081,0,0,MINE_TEST,1.25
11.7717,-77.3692,-79.1692,-79.2676,-79.2423,-79.2583,0.0159717,0,0,MINE_TEST,1.25
11.8026,-77.4241,-79.2241,-79.2404,-79.2298,-79.2583,0.0284773,0,0,MINE_TEST,1.25
11.832,-77.4743,-79.2743,-79.2084,-79.2188,-79.2583,0.0394619,0,0,MINE_TEST,1.25
11.8602,-77.4183,-79.2183,-79.1746,-79.209,-79.2583,0.0493007,0,0,MINE_TEST,1.25
11.8894,-77.3186,-79.1186,-79.1475,-79.1998,-79.2583,0.058504,0,0,MINE_TEST,1.25
11.9212,-77.1082,-78.9082,-79.1389,-79.1908,-79.2583,0.0674924,0,0,MINE_TEST,1.25
11.9465,-77.3516,-79.1516,-79.153,-79.1821,-79.2583,0.0761914,0,0,MINE_TEST,1.25
11.9712,-77.4483,-79.2483,-79.1801,-79.1746,-79.2583,0.0836671,0,0,MINE_TEST,1.25
11.9991,-77.487,-79.287,-79.2042,-79.1699,-79.2583,0.0883959,0,0,MINE_TEST,1.25
12.0284,-77.4161,-79.2161,-79.2149,-79.1691,-79.2583,0.0892087,0,0,MINE_TEST,1.25
12.0593,-77.396,-79.196,-79.2113,-79.1722,-79.2583,0.0861195,0,0,MINE_TEST,1.25
12.0856,-77.4724,-79.2724,-79.1978,-79.1781,-79.2583,0.0802148,0,0,MINE_TEST,1.25
12.1105,-77.3583,-79.1583,-79.1807,-79.1853,-79.2583,0.0729691,0,0,MINE_TEST,1.25
12.1392,-77.2941,-79.0941,-79.1666,-79.1924,-79.2583,0.0658752,0,0,MINE_TEST,1.25
12.1684,-77.3881,-79.1881,-79.1617,-79.198,-79.2583,0.0602996,0,0,MINE_TEST,1.25
12.197,-77.3071,-79.1071,-79.1695,-79.2013,-79.2583,0.0569582,0,0,MINE_TEST,1.25
12.2224,-77.3777,-79.1777,-79.189,-79.2029,-79.2583,0.0553406,0,0,MINE_TEST,1.25
12.2511,-77.3077,-79.1077,-79.2129,-79.2043,-79.2583,0.0539506,0,0,MINE_TEST,1.25
12.2769,-77.6814,-79.4814,-79.2307,-79.2069,-79.2583,0.0513373,0,0,MINE_TEST,1.25
12.3018,-77.4553,-79.2553,-79.2363,-79.2113,-79.2583,0.0470083,0,0,MINE_TEST,1.25
12.3276,-77.2576,-79.0576,-79.2332,-79.2168,-79.2583,0.0414749,0,0,MINE_TEST,1.25
12.3553,-77.5164,-79.3164,-79.2291,-79.2227,-79.2583,0.0356192,0,0,MINE_TEST,1.25
12.3844,-77.4126,-79.2126,-79.2276,-79.2281,-79.2583,0.0301649,0,0,MINE_TEST,1.25
12.4091,-77.4621,-79.2621,-79.2281,-79.2327,-79.2583,0.0255881,0,0,MINE_TEST,1.25
12.4378,-77.3265,-79.1265,-79.2297,-79.2362,-79.2583,0.0221178,0,0,MINE_TEST,1.25
12.4671,-77.5499,-79.3499,-79.2319,-79.2388,-79.2583,0.0195187,0,0,MINE_TEST,1.25
12.4924,-77.3954,-79.1954,-79.2346,-79.2413,-79.2583,0.0169582,0,0,MINE_TEST,1.25
12.5183,-77.3313,-79.1313,-79.238,-79.245,-79.2583,0.0132987,0,0,MINE_TEST,1.25
12.5486,-77.6368,-79.4368,-79.2422,-79.2505,-79.2583,0.00778087,0,0,MINE_TEST,1.25
12.5778,-77.3142,-79.1142,-79.2483,-79.2576,-79.2583,0.000642257,0,0,MINE_TEST,1.25
12.6035,-77.4347,-79.2347,-79.2579,-79.2651,-79.2583,0.00685441,0,0,MINE_TEST,1.25
12.6289,-77.4709,-79.2709,-79.2701,-79.2714,-79.2583,0.0130831,0,0,MINE_TEST,1.25
12.6535,-77.5819,-79.3819,-79.2812,-79.2751,-79.2583,0.0168633,0,0,MINE_TEST,1.25
12.6818,-77.467,-79.267,-79.2886,-79.2762,-79.2583,0.017868,0,0,MINE_TEST,1.25
12.7115,-77.4068,-79.2068,-79.2927,-79.2749,-79.2583,0.0166586,0,0,MINE_TEST,1.25
12.7419,-77.5673,-79.3673,-79.2939,-79.2727,-79.2583,0.0144411,0,0,MINE_TEST,1.25
12.7708,-77.5542,-79.3542,-79.2907,-79.2707,-79.2583,0.0124387,0,0,MINE_TEST,1.25
12.7976,-77.416,-79.216,-79.2817,-79.2693,-79.2583,0.0110385,0,0,MINE_TEST,1.25
12.8244,-77.4663,-79.2663,-79.2674,-79.2678,-79.2583,0.00949759,0,0,MINE_TEST,1.25
12.8547,-77.5692,-79.3692,-79.2501,-79.2651,-79.2583,0.00682161,0,0,MINE_TEST,1.25
12.8859,-77.3211,-79.1211,-79.2349,-79.2615,-79.2583,0.00319213,0,0,MINE_TEST,1.25
12.9167,-77.4091,-79.2091,-79.2289,-79.2586,-79.2583,0.000363443,0,0,MINE_TEST,1.25
12.9493,-77.3474,-79.1474,-79.2371,-79.2587,-79.2583,0.000374425,0,0,MINE_TEST,1.25
12.9773,-77.5354,-79.3354,-79.2574,-79.2623,-79.2586,0.00365605,0,0,MINE_TEST,1.25
13.0027,-77.3924,-79.1924,-79.2807,-79.269,-79.2587,0.0103196,0,0,MINE_TEST,1.25
13.0309,-77.6023,-79.4023,-79.2957,-79.2777,-79.2593,0.0183974,0,0,MINE_TEST,1.25
13.062,-77.6072,-79.4072,-79.2961,-79.2878,-79.2594,0.02839,0,0,MINE_TEST,1.25
13.0914,-77.5022,-79.3022,-79.2884,-79.2988,-79.26,0.0387076,0,0,MINE_TEST,1.25
13.1178,-77.284,-79.084,-79.2887,-79.3099,-79.2604,0.0494528,0,0,MINE_TEST,1.25
13.1426,-77.3749,-79.1749,-79.3075,-79.3201,-79.2611,0.0590328,0,0,MINE_TEST,1.25
13.1705,-77.6452,-79.4452,-79.3363,-79.328,-79.2614,0.0666081,0,0,MINE_TEST,1.25
13.1987,-77.802,-79.602,-79.3558,-79.3318,-79.2614,0.0704472,0,0,MINE_TEST,1.25
13.2263,-77.4868,-79.2868,-79.3551,-79.3308,-79.2614,0.0693798,0,0,MINE_TEST,1.25
13.2525,-77.5231,-79.3231,-79.3406,-79.3254,-79.2614,0.0639993,0,0,MINE_TEST,1.25
13.2779,-77.4315,-79.2315,-79.3252,-79.3175,-79.2614,0.056162,0,0,MINE_TEST,1.25
13.3065,-77.5415,-79.3415,-79.315,-79.3093,-79.2614,0.0479101,0,0,MINE_TEST,1.25
13.3342,-77.6115,-79.4115,-79.3072,-79.3016,-79.2614,0.040244,0,0,MINE_TEST,1.25
13.3625,-77.4,-79.2,-79.2967,-79.2939,-79.2614,0.0325629,0,0,MINE_TEST,1.25
13.3894,-77.4851,-79.2851,-79.2803,-79.2848,-79.2614,0.0233715,0,0,MINE_TEST,1.25
13.4146,-77.6129,-79.4129,-79.2588,-79.2733,-79.2614,0.0118887,0,0,MINE_TEST,1.25
13.4447,-77.352,-79.152,-79.2378,-79.2605,-79.2611,0.000581854,0,0,MINE_TEST,1.25
13.4743,-77.3014,-79.1014,-79.2266,-79.2488,-79.2605,0.0116692,0,0,MINE_TEST,1.25
13.5042,-77.3782,-79.1782,-79.2305,-79.2405,-79.2604,0.0199238,0,0,MINE_TEST,1.25
13.5286,-77.5895,-79.3895,-79.2452,-79.2366,-79.2604,0.0238254,0,0,MINE_TEST,1.25
13.5559,-77.3384,-79.1384,-79.2598,-79.2371,-79.2604,0.0232917,0,0,MINE_TEST,1.25
13.5818,-77.5735,-79.3735,-79.2641,-79.2416,-79.2604,0.0188294,0,0,MINE_TEST,1.25
13.6102,-77.5992,-79.3992,-79.2549,-79.2494,-79.2604,0.0110732,0,0,MINE_TEST,1.25
13.6392,-77.2387,-79.0387,-79.2388,-79.2598,-79.2604,0.000653403,0,0,MINE_TEST,1.25
13.6639,-77.5653,-79.3653,-79.2302,-79.2723,-79.2605,0.0117666,0,0,MINE_TEST,1.25
13.6891,-77.1827,-78.9827,-79.242,-79.286,-79.2611,0.0249123,0,0,MINE_TEST,1.25
13.7136,-77.4382,-79.2382,-79.2753,-79.2992,-79.2614,0.0378198,0,0,MINE_TEST,1.25
13.7409,-77.6212,-79.4212,-79.3167,-79.3093,-79.2615,0.0478215,0,0,MINE_TEST,1.25
13.769,-77.6963,-79.4963,-79.347,-79.3142,-79.2619,0.0523448,0,0,MINE_TEST,1.25
13.7972,-77.5506,-79.3506,-79.3561,-79.3137,-79.2619,0.0517276,0,0,MINE_TEST,1.25
13.825,-77.543,-79.343,-79.3479,-79.3091,-79.2622,0.0469322,0,0,MINE_TEST,1.25
13.8503,-77.4855,-79.2855,-79.3332,-79.3027,-79.2622,0.0404493,0,0,MINE_TEST,1.25
13.8751,-77.5952,-79.3952,-79.3192,-79.2954,-79.2622,0.0332338,0,0,MINE_TEST,1.25
13.8996,-77.3628,-79.1628,-79.3053,-79.2875,-79.2623,0.0251757,0,0,MINE_TEST,1.25
